{
	"name": "default",
	"cronos_engine": false,
	"logs": {
		"level": "LOG",
		"filename": "logs/log_{{datetime}}.log"
	},
	"schemas": "./schemas",
	"dao_scripts": "./dao_scripts",
	"blobs": "./blobs",
	"web": {
		"server": {
			"http": 8080,
			"hostname": null,
			"url": "",
			"title": "EPS Sensoring",
			"static": [
				{
					"description": "AppWeb",
					"url": "/client",
					"path": "../client",
					"options": {}
				},				
				{
					"description": "DAO resources",
					"url": "/client/dao",
					"path": "../dao",
					"options": {}
				}
			]
		},
		"rest": {
			"url": "/api/v1",
			"login": "/login",
			"resend": 5000,
			"json": {
				"limit": "256mb",
				"strict": false
			},
			"authorization": "none",
			"jwt": {
				"secretKey": "claveSecreta",
				"algorithm": "HS256",
				"expire": 24
			}
		},
		"socket": {
			"url": "/ws",
			"protocol": "eps_sensoring",
			"timeout": 1800,
			"reconnect": 5
		}
	},
	"email": {
		"active": false,
		"from": "XXX@gmail.com",
		"config": {
			"service": "gmail",
			"auth": {
				"user": "soportXXX@gmail.com",
				"pass": "XXXX"
			}
		}
	},
	"database": {
		"connection": {
			"database": "frutas",
			"host": "localhost",
			"user": "root",
			"password": "",
			"port": 3306,
			"multipleStatements": true
		},
		"reconnectionTimeout": 2000
	}
}